{
    "epochs": [
        1,
        2,
        3,
        4,
        5,
        6,
        7,
        8,
        9,
        10,
        11,
        12,
        13,
        14,
        15,
        16,
        17,
        18,
        19,
        20,
        21,
        22,
        23,
        24,
        25,
        26,
        27,
        28,
        29,
        30,
        31,
        32,
        33,
        34,
        35,
        36,
        37,
        38,
        39,
        40,
        41,
        42,
        43,
        44,
        45,
        46,
        47,
        48,
        49,
        50,
        51,
        52
    ],
    "accuracies": [
        39.6327467482785,
        56.55287432408036,
        63.099301084050445,
        60.711983012817754,
        61.721241714880115,
        72.31931776174962,
        64.98370915468136,
        65.20722471050438,
        68.97346182612209,
        69.641429467947,
        63.03482544294766,
        63.07780920368285,
        71.23612699122272,
        73.0689545489714,
        72.9150726855394,
        64.9269705905109,
        66.985033054512,
        67.70887958529268,
        67.08991343070588,
        65.3241405397041,
        70.12112823775178,
        78.06194819597157,
        70.8140264608031,
        71.31349776054607,
        70.09017993002244,
        66.39357650679574,
        74.34299321716256,
        76.90310600655073,
        73.7790462763168,
        72.44483034309638,
        74.7504792689322,
        72.59183480481074,
        73.86673314821661,
        68.18857835509745,
        65.13931036854277,
        69.49786370709145,
        73.74036089165513,
        74.59143935421199,
        74.29743043078325,
        73.66384979754649,
        71.35132346999303,
        70.68507517859753,
        70.08502187873421,
        74.67310849960884,
        73.23401219019455,
        74.25014829397453,
        73.39563113055887,
        71.81812711157724,
        71.6745613507217,
        76.17496109969653,
        73.50051150675274,
        75.14335084205187
    ]
}