{
    "epochs": [
        1,
        2,
        3,
        4,
        5,
        6,
        7,
        8,
        9,
        10,
        11,
        12,
        13,
        14,
        15,
        16,
        17,
        18,
        19,
        20,
        21,
        22,
        23,
        24,
        25,
        26,
        27,
        28,
        29,
        30,
        31,
        32,
        33,
        34,
        35,
        36,
        37,
        38,
        39,
        40,
        41,
        42,
        43,
        44,
        45,
        46,
        47,
        48,
        49,
        50
    ],
    "accuracies": [
        73.70855290871108,
        81.09918072952038,
        83.21054305683313,
        84.48200269938017,
        84.83017116133524,
        84.63760391324158,
        84.6883247509091,
        85.25227169175486,
        84.28083869913947,
        84.59032177643286,
        83.74010298909072,
        82.5649269705905,
        83.89226550209331,
        82.41706283366145,
        82.5846995005287,
        83.87851069865805,
        83.19077052689494,
        84.16478254515444,
        83.79770122847589,
        81.56340534546048,
        81.62358261048976,
        84.01176035693715,
        82.5649269705905,
        83.80887700626704,
        81.56512469588989,
        83.32573953560345,
        81.67946149944551,
        81.7628499952718,
        82.33797271390868,
        84.09514885276343,
        82.52280288507002,
        83.17959474910379,
        81.7628499952718,
        83.23117526198602,
        83.37130232198275,
        82.66121059463734,
        82.09382495293278,
        81.99582197845653,
        83.41256673228854,
        83.15036579180385,
        81.59435365318983,
        82.22105688470896,
        83.13231261229508,
        82.7617925947577,
        81.42069925981964,
        83.01625645831005,
        82.36978069685273,
        83.52862288627357,
        82.90707770604266,
        81.90297705526852
    ]
}