{
    "epochs": [
        1,
        2,
        3,
        4,
        5,
        6,
        7,
        8,
        9,
        10,
        11,
        12,
        13,
        14,
        15,
        16,
        17,
        18,
        19,
        20,
        21,
        22,
        23,
        24,
        25,
        26,
        27,
        28,
        29,
        30,
        31,
        32,
        33,
        34,
        35,
        36,
        37,
        38,
        39,
        40,
        41,
        42,
        43,
        44,
        45,
        46,
        47,
        48,
        49,
        50
    ],
    "accuracies": [
        76.68560817723065,
        82.51420613292298,
        82.7179491588078,
        83.19678825339787,
        83.18991085168024,
        84.83275018697935,
        84.19745020331318,
        84.04786671595471,
        84.37282394711278,
        84.09428917754872,
        83.40568933057091,
        81.37685582386975,
        82.95006146677785,
        82.75319584261067,
        83.3807587493445,
        83.56730827093524,
        83.12027715928922,
        82.93372763769848,
        83.03430963781884,
        83.34121368946812,
        82.52710126114354,
        83.30338798002114,
        82.48755620126717,
        82.5193641842112,
        82.57610274838166,
        82.71966850923721,
        83.22085915940957,
        83.9335299123991,
        81.92962698692433,
        82.39900965415266,
        81.56598437110459,
        80.02200768549642,
        81.38287355037266,
        80.61174488278328,
        82.21246013256192,
        82.74631844089303,
        82.68356215021964,
        81.79465797821582,
        80.79743472915932,
        82.8064957059223,
        82.67238637242849,
        81.93306568778316,
        82.61564780825805,
        82.10843943158275,
        81.42499763589316,
        81.24790454166416,
        82.72826526138425,
        81.81099180729521,
        81.367399396508,
        81.53589573858996
    ]
}