{
    "epochs": [
        1,
        2,
        3,
        4,
        5,
        6,
        7,
        8,
        9,
        10,
        11,
        12,
        13,
        14,
        15,
        16,
        17,
        18,
        19,
        20,
        21,
        22,
        23,
        24,
        25,
        26,
        27,
        28,
        29,
        30,
        31,
        32,
        33,
        34,
        35,
        36,
        37,
        38,
        39,
        40,
        41,
        42,
        43,
        44,
        45,
        46,
        47,
        48,
        49,
        50
    ],
    "accuracies": [
        67.64096524333107,
        81.75425324312475,
        79.57067819777689,
        81.27713349896409,
        83.14004968922741,
        84.21722273325138,
        85.13363651212572,
        83.71689175829371,
        83.07729339855403,
        84.46996724637432,
        80.82408466081515,
        84.04356833988119,
        84.93591121274383,
        84.90410322979979,
        85.77839292315363,
        82.19440695305313,
        85.62365138450693,
        83.53721963842061,
        81.38717192644619,
        85.60129982892464,
        82.17463442311495,
        85.07861729838467,
        85.36746817052517,
        84.31350635729821,
        85.98299562425316,
        82.32249856004401,
        83.1813140995332,
        85.01328198206717,
        81.58231820018398,
        85.33995856365465,
        81.91329315784496,
        86.056068017503,
        85.58152729898644,
        85.54456126475418,
        82.44285309010256,
        86.2357401373761,
        85.42248738426622,
        83.30854603130938,
        85.11730268304635,
        85.80246382916535,
        83.22085915940957,
        83.81231570712585,
        84.87745329814396,
        83.66101286933797,
        82.94232438984551,
        84.63674423802688,
        84.12867618613687,
        86.09045502609115,
        85.29353610206064,
        85.43624218770148
    ]
}