{
    "epochs": [
        1,
        2,
        3,
        4,
        5,
        6,
        7,
        8,
        9,
        10,
        11,
        12,
        13,
        14,
        15,
        16,
        17,
        18,
        19,
        20,
        21,
        22,
        23,
        24,
        25,
        26,
        27,
        28,
        29,
        30,
        31,
        32,
        33,
        34,
        35,
        36,
        37,
        38,
        39,
        40,
        41,
        42,
        43,
        44,
        45,
        46,
        47,
        48,
        49,
        50
    ],
    "accuracies": [
        41.72519622086776,
        55.10260223687491,
        62.6471119211162,
        69.07834220231597,
        72.90217755731885,
        68.1352784917858,
        74.15644369557181,
        71.4536248205428,
        75.05910267101089,
        73.90026048159005,
        70.14519914376349,
        78.25451544406523,
        75.80787978301798,
        75.41328885946889,
        79.7744212236617,
        76.03913241577332,
        75.40211308167774,
        75.99872768068224,
        74.17965492636881,
        76.7879095277804,
        77.5624768962286,
        72.74571666824274,
        79.29816115471574,
        76.95726554507706,
        75.34795354315139,
        77.13177961366196,
        78.1788640251713,
        81.06651307136164,
        78.6654401966937,
        79.75636804415292,
        80.26959414733113,
        74.78056790144683,
        77.78513277683692,
        74.9507835939582,
        79.91196925801432,
        74.69202135433234,
        77.89860990517782,
        79.98590132647885,
        74.71867128598815,
        78.28460407657987,
        76.0554662448527,
        79.65492636881785,
        78.71788038479063,
        78.41269568357075,
        79.87242419813795,
        75.34795354315139,
        77.05526851955331,
        81.20406110571426,
        73.39133275448536,
        80.7260816863389
    ]
}