{
    "epochs": [
        1,
        2,
        3,
        4,
        5,
        6,
        7,
        8,
        9,
        10,
        11,
        12,
        13,
        14,
        15,
        16,
        17,
        18,
        19,
        20,
        21,
        22,
        23,
        24,
        25,
        26,
        27,
        28,
        29,
        30,
        31,
        32,
        33,
        34,
        35,
        36,
        37,
        38,
        39,
        40,
        41,
        42,
        43,
        44,
        45,
        46,
        47,
        48,
        49,
        50
    ],
    "accuracies": [
        40.12877934716264,
        51.59512736088306,
        57.370425453263756,
        57.05062627339391,
        59.469752327570646,
        61.28796540666936,
        62.34880462161395,
        62.08144562984105,
        64.02775031593065,
        69.25801432218908,
        68.38544397926464,
        74.35674802059782,
        63.855815272989865,
        67.99085305571555,
        66.51565038728369,
        67.15610842223808,
        63.435434092999664,
        66.55347609673065,
        63.97101175176019,
        67.57477025179887,
        72.74829569388685,
        70.02914298977846,
        69.95693027174333,
        64.3974106582533,
        64.36990105138278,
        68.53760649226722,
        71.2971639314667,
        68.28744100478839,
        67.68652802971037,
        70.98338247809977,
        70.0162478615579,
        67.64010556811637,
        69.8408741177583,
        71.72098381231571,
        68.49376305631732,
        67.21370666162323,
        66.08151440385822,
        69.85376924597887,
        73.0930254549831,
        72.15168109488235,
        68.54534356919956,
        67.87995495301875,
        66.88960910567988,
        71.3410073674166,
        71.1002983072995,
        66.06861927563766,
        67.45011734566681,
        66.74776269525373,
        74.0868100031808,
        72.07173129991489
    ]
}